Year,NB.std,NB.res,KGU.std,KGU.res
1358,1.39736,,,
1359,1.39356,,,
1360,0.73871,,,
1361,0.23085,,,
1362,0.34064,,,
1363,0.54298,,,
1364,0.52986,,,
1365,0.66397,,,
1366,0.80052,1.03175,,
1367,0.88316,1.06014,,
1368,0.94825,1.09124,,
1369,0.55506,0.66662,,
1370,0.75332,0.90182,,
1371,0.37035,0.4991,,
1372,0.51139,0.66624,,
1373,0.89309,1.09503,,
1374,1.02124,1.14555,,
1375,0.90913,1.00282,,
1376,0.50955,0.63663,,
1377,0.86358,1.02821,,
1378,1.63858,1.73146,,
1379,1.02518,0.93468,,
1380,1.58272,1.57765,,
1381,1.59632,1.55805,,
1382,1.05183,0.84149,,
1383,0.97417,0.86687,,
1384,0.82956,0.7716,,
1385,0.99061,0.9054,,
1386,1.04324,0.99277,,
1387,0.87283,0.84729,,
1388,1.33127,1.35951,,
1389,0.79618,0.76213,,
1390,0.50451,0.50594,,
1391,0.60104,0.72709,,
1392,1.04857,1.14203,,
1393,1.00992,1.02642,,
1394,1.23093,1.28483,,
1395,1.04444,1.33138,,
1396,1.18127,1.40533,,
1397,1.03973,1.26033,,
1398,0.9257,1.22248,,
1399,0.99163,1.02662,,
1400,0.31954,0.32298,,
1401,0.83218,0.94682,,
1402,0.74416,0.82807,,
1403,1.08016,1.12361,,
1404,1.8891,1.96544,,
1405,1.65612,1.54896,,
1406,1.67541,1.52369,,
1407,1.38334,1.2329,,
1408,1.20119,0.98303,,
1409,1.65953,1.42868,,
1410,1.17301,0.89075,,
1411,0.77091,0.58196,,
1412,1.47365,1.35292,,
1413,0.64553,0.7186,,
1414,1.19721,1.59118,,
1415,1.46385,1.24889,,
1416,1.24686,1.28504,,
1417,1.42184,1.30157,,
1418,1.27684,1.09407,,
1419,1.18846,1.06608,,
1420,1.70875,1.39533,,
1421,0.71653,0.58432,,
1422,1.24188,1.27494,,
1423,0.89976,0.83392,,
1424,1.43106,1.35867,,
1425,1.10811,0.99552,,
1426,1.13658,1.15211,,
1427,1.50909,1.43639,,
1428,1.42365,1.237,,
1429,1.10931,0.99297,,
1430,1.32103,1.24524,,
1431,1.46974,1.26411,,
1432,1.24061,1.08675,,
1433,1.24723,1.52052,,
1434,1.04204,0.9674,,
1435,0.75465,0.52324,,
1436,1.22144,1.06168,,
1437,1.03986,0.73098,,
1438,0.52621,0.38486,,
1439,0.94918,1.0198,,
1440,1.01484,1.02134,,
1441,1.35028,1.37798,,
1442,0.92966,0.85251,,
1443,0.56519,0.54777,,
1444,0.70792,0.84339,,
1445,0.90149,0.98148,,
1446,0.63076,0.71119,,
1447,0.89486,1.07122,,
1448,0.65183,0.71777,,
1449,0.53077,0.59174,,
1450,0.54959,0.6615,,
1451,1.20035,1.32183,,
1452,1.19144,1.23728,,
1453,1.39709,1.48558,,
1454,1.17311,1.11923,,
1455,0.53317,0.34303,,
1456,0.56576,0.75678,,
1457,0.76831,0.83879,,
1458,1.3038,1.43377,,
1459,0.66131,0.655,,
1460,0.64266,0.73741,,
1461,0.56415,0.63369,,
1462,1.24623,1.44082,,
1463,0.78512,0.81001,,
1464,0.32504,0.41985,,
1465,0.49888,0.72035,,
1466,1.30115,1.73202,,
1467,1.41921,1.43014,,
1468,1.27412,1.35953,,
1469,1.06424,1.23205,,
1470,0.80732,0.87316,,
1471,0.32216,0.33592,,
1472,0.43674,0.5919,,
1473,0.81356,0.97043,,
1474,0.87893,0.9585,,
1475,0.89879,0.98994,,
1476,1.13312,1.25454,2.12466,
1477,1.28018,1.3228,2.03899,
1478,1.11403,1.16622,1.37323,
1479,0.67244,0.66372,0.88788,0.40392
1480,0.48392,0.5842,0.42113,0.23379
1481,0.60102,0.71935,0.59138,0.74746
1482,1.25176,1.37461,1.64232,1.90142
1483,0.85736,0.85393,0.93759,0.88809
1484,1.6875,1.79374,1.1514,1.11347
1485,1.05996,1.02335,0.85976,0.72568
1486,1.10407,0.99271,1.24676,1.27416
1487,0.41568,0.42851,0.49236,0.4145
1488,1.11276,1.27583,0.61699,0.75941
1489,1.17506,1.33596,0.66591,0.84981
1490,1.33585,1.37532,0.74734,1.00442
1491,1.56099,1.59024,0.98321,1.18576
1492,1.04988,0.90602,0.75863,0.86097
1493,1.04551,1.02392,0.98923,1.10962
1494,0.85541,0.81152,1.11153,1.16247
1495,0.30762,0.30875,0.47458,0.4758
1496,0.83045,0.9742,0.99556,1.14969
1497,1.0511,1.14398,1.00672,1.08926
1498,1.13672,1.16756,1.54719,1.62414
1499,0.66415,0.69354,1.20555,1.02453
1500,0.18386,0.26954,0.26074,0.09021
1501,0.98985,1.20925,1.21715,1.34112
1502,0.94107,1.02104,1.27731,1.31253
1503,1.15784,1.2087,1.04935,1.02775
1504,1.17031,1.26724,1.07142,0.97121
1505,0.67378,0.67435,0.74533,0.67126
1506,0.55565,0.62449,0.99045,1.05379
1507,0.9975,1.08952,1.74198,1.78184
1508,1.19983,1.20882,1.2851,1.08019
1509,1.63051,1.59751,1.79207,1.56151
1510,0.81456,0.66137,0.92628,0.50146
1511,1.29411,1.30905,1.1146,0.94912
1512,1.05152,0.99256,1.08223,0.94006
1513,1.40903,1.32208,1.23253,1.19511
1514,1.28479,1.16809,0.91923,0.81018
1515,0.96079,0.8195,0.8131,0.78424
1516,0.78833,0.75829,0.56225,0.60423
1517,1.00651,0.99266,0.82998,1.02113
1518,0.82894,0.81611,0.64452,0.80986
1519,1.19555,1.22507,1.09275,1.30685
1520,0.86512,0.87126,0.81435,0.87522
1521,0.93244,0.9775,0.72166,0.81863
1522,0.29904,0.32329,0.175,0.28748
1523,0.78712,0.90033,0.55525,0.90673
1524,0.91616,0.98552,0.57184,0.91341
1525,0.84272,0.87545,0.50086,0.84775
1526,1.19217,1.31775,0.87061,1.18113
1527,0.85189,0.87581,0.61345,0.81277
1528,0.69931,0.76536,0.67664,0.90259
1529,0.56945,0.66535,0.49599,0.69379
1530,0.75256,0.86771,0.72366,1.00762
1531,0.94796,1.05229,0.63065,0.86371
1532,0,0.13896,0.23588,0.48421
1533,0.53821,0.78818,0,0.36185
1534,1.03851,1.25289,0.81786,1.34477
1535,1.08377,1.16102,1.07069,1.43063
1536,1.31414,1.39982,1.16439,1.32405
1537,1.34257,1.36058,0.99841,1.19049
1538,0.52007,0.46594,0.56388,0.48187
1539,0.85838,0.92852,0.86564,1.15332
1540,1.11704,1.14553,1.83383,1.9569
1541,1.01957,0.94748,1.28142,1.06815
1542,0.47823,0.475,0.53159,0.29901
1543,1.14183,1.26072,1.07468,1.07395
1544,0.77421,0.7867,1.02875,1.04143
1545,0.77985,0.82453,0.75193,0.78062
1546,1.1697,1.2783,1.22101,1.28861
1547,0.6203,0.61116,1.07936,1.02995
1548,0.90989,0.99369,1.273,1.23401
1549,1.39237,1.4532,1.59013,1.46143
1550,1.27948,1.2008,1.62653,1.35926
1551,1.24382,1.17995,1.52154,1.1658
1552,0.90917,0.82847,1.56577,1.20075
1553,0.95629,0.9095,1.53737,1.15974
1554,0.59655,0.5678,1.38509,1.03734
1555,1.17973,1.23361,1.76413,1.45995
1556,1.19542,1.1816,1.60889,1.19874
1557,1.30992,1.23482,1.13903,0.74223
1558,0.90117,0.85052,0.9167,0.6756
1559,1.05068,1.0435,1.12111,1.05741
1560,1.23031,1.21823,1.0707,1.0136
1561,0.77007,0.69085,0.70096,0.65509
1562,1.08899,1.1128,1.27656,1.36099
1563,0.82259,0.8244,1.20764,1.14911
1564,1.35733,1.35307,1.29089,1.63893
1565,1.36824,1.27744,1.49635,1.26301
1566,1.34203,1.21622,1.29724,1.13286
1567,0.66921,0.59833,0.90114,0.66746
1568,1.12078,1.1456,1.22686,1.09969
1569,1.0789,1.05885,0.99326,0.9349
1570,1.06051,0.95861,1.00218,0.94704
1571,0.80212,0.7919,0.99606,0.96755
1572,0.78426,0.8422,1.08566,1.08189
1573,0.9227,0.95665,0.97487,0.96417
1574,0.8704,0.901,0.95382,0.83356
1575,0.92598,0.99251,0.89091,0.91605
1576,0.95612,0.99303,0.8071,0.86007
1577,1.53901,1.58643,0.90719,1.17977
1578,1.41703,1.33948,0.98918,1.13288
1579,1.03212,0.89611,0.77391,0.83404
1580,0.59136,0.56068,0.44218,0.36786
1581,1.2059,1.24219,0.78865,1.02335
1582,0.85218,0.78851,0.48687,0.71716
1583,0.33604,0.32968,0.45993,0.72131
1584,0.53092,0.71617,0.56367,0.78635
1585,0.36516,0.50316,0.50758,0.87965
1586,1.16242,1.35048,0.96081,1.37596
1587,1.04757,1.17486,1.15156,1.25343
1588,1.21539,1.28021,1.06627,1.10895
1589,0.89426,0.95246,0.98777,0.87721
1590,0.19454,0.20951,0.13126,0.01482
1591,1.02012,1.21106,0.98362,1.53086
1592,0.65067,0.69465,0.84541,1.05336
1593,0.86741,0.93472,1.03259,1.25396
1594,1.55044,1.65715,1.60138,1.65124
1595,1.4843,1.40594,1.10164,0.91283
1596,1.52774,1.42132,1.26067,1.12059
1597,0.75216,0.60976,0.41953,0.24129
1598,0.78624,0.76306,0.50197,0.79659
1599,1.32905,1.31529,0.98501,1.23889
1600,0.30158,0.18179,0.33661,0.56084
1601,0.90663,1.01007,0.88774,1.18197
1602,1.34567,1.41377,0.82401,1.00964
1603,1.28003,1.1928,0.78052,0.91662
1604,1.5207,1.45302,1.04664,1.11949
1605,1.70954,1.58699,0.87799,0.93762
1606,1.50953,1.29316,0.85251,0.97891
1607,0.75472,0.56148,0.30835,0.45827
1608,1.28987,1.20073,0.52956,0.80059
1609,1.48552,1.33089,0.60546,0.91458
1610,1.54175,1.33285,0.7602,1.0656
1611,1.18362,1.01084,0.82162,1.03213
1612,0.98899,0.87735,0.49524,0.72282
1613,1.15741,1.07523,0.60428,0.89681
1614,0.71158,0.61693,0.41388,0.67207
1615,1.35912,1.34579,0.64325,1.00645
1616,1.18982,1.1136,0.70501,1.0911
1617,1.45407,1.37322,0.69537,0.9962
1618,1.61591,1.51907,0.80025,1.04937
1619,1.23657,1.04966,0.69028,0.88921
1620,1.5641,1.43376,0.67708,0.89614
1621,1.60364,1.40229,0.83726,1.09687
1622,0.94822,0.74266,0.65098,0.78193
1623,0.51439,0.47019,0.47741,0.68409
1624,0.44458,0.48774,0.31857,0.6637
1625,0.79296,0.91757,0.48891,0.90224
1626,0.19971,0.26549,0.16434,0.44736
1627,0.99828,1.23384,0.49723,0.93547
1628,0.87651,1.00725,0.49586,0.97152
1629,0.82763,0.88389,0.58276,0.99449
1630,0.83112,0.95048,0.60259,0.9227
1631,0.63024,0.71149,0.4363,0.76507
1632,0.13875,0.30939,0.30983,0.61665
1633,0.97018,1.2117,0.80544,1.21378
1634,0.9443,1.06124,0.78714,1.00452
1635,1.02775,1.09904,1.03075,1.15296
1636,0.65068,0.70779,1.01041,0.99029
1637,0.50681,0.59993,0.81373,0.82911
1638,0.5773,0.70973,0.76558,0.90588
1639,0.9378,1.07376,1.0124,1.11736
1640,1.32298,1.39407,1.32792,1.29519
1641,1.26165,1.26762,1.35145,1.23301
1642,1.17774,1.21128,1.21576,0.98687
1643,1.34842,1.32014,1.08167,0.91864
1644,1.4016,1.31807,1.18766,1.15017
1645,1.15172,0.9891,1.06125,0.89093
1646,1.14322,1.036,1.02626,0.85535
1647,1.49398,1.39784,1.04717,1.09912
1648,0.37618,0.19364,0.63382,0.56741
1649,1.13875,1.21082,0.94025,1.01489
1650,1.32488,1.30818,1.10734,1.21447
1651,1.37491,1.23983,0.96587,0.73069
1652,0.92453,0.84045,0.67109,0.75029
1653,1.24262,1.19602,0.81062,0.99211
1654,0,-0.06332,0.17385,0.29028
1655,0.9677,1.12059,0.65065,1.10661
1656,1.01863,1.1182,0.94665,1.32787
1657,0.99282,0.99928,1.31817,1.12061
1658,0.60039,0.6648,0.89737,0.67879
1659,1.107,1.22941,0.89313,0.88609
1660,1.26065,1.32495,1.03495,1.05623
1661,1.04148,0.9808,0.98397,0.94354
1662,1.03054,1.02011,0.82775,0.99868
1663,0.62443,0.636,0.53501,0.66721
1664,0.85875,0.90692,0.4847,0.78026
1665,0.64185,0.68161,0.41136,0.76052
1666,0.83875,0.9032,0.77957,1.17801
1667,0.41068,0.49896,0.56641,0.84991
1668,0.84699,1.01271,0.88204,1.18821
1669,0.98921,1.10291,0.97981,1.11448
1670,0,0.14441,0.27788,0.36545
1671,1.06159,1.30669,1.13371,1.50667
1672,1.15134,1.24584,1.49744,1.59199
1673,1.23257,1.23683,1.39043,1.40051
1674,1.42378,1.4194,1.67362,1.49264
1675,1.05278,0.94399,1.4318,0.99212
1676,0.42883,0.37266,1.01345,0.56398
1677,1.16503,1.22182,1.28098,1.14103
1678,1.23287,1.19829,1.61126,1.43261
1679,1.01326,0.92531,1.44801,1.1459
1680,1.38259,1.3675,1.54788,1.32398
1681,1.31679,1.23759,1.26783,1.00535
1682,1.35964,1.23322,1.68523,1.20938
1683,1.65065,1.53405,1.66564,1.21981
1684,0.7454,0.5449,1.08702,0.37807
1685,0,-0.03217,0.2965,0.12294
1686,0.3488,0.52234,0.86932,0.87764
1687,1.36409,1.51403,1.55279,1.46448
1688,1.22793,1.2039,1.53864,1.41927
1689,1.30304,1.31885,1.80625,1.52459
1690,1.16907,1.14897,1.43272,1.1338
1691,1.2525,1.20115,1.50556,1.16277
1692,1.32959,1.26841,1.72333,1.24301
1693,1.3594,1.19481,1.47798,0.91626
1694,1.17924,1.03765,1.44163,1.05755
1695,1.31339,1.20613,1.44834,1.40174
1696,0.7412,0.60987,0.93306,0.64088
1697,0.93733,0.90039,1.2037,0.91118
1698,0.40361,0.39567,0.65285,0.52881
1699,0.95047,1.03753,1.07688,1.151
1700,0.55221,0.64391,0.67075,0.91894
1701,1.34727,1.45984,1.39472,1.40684
1702,1.03727,1.05878,1.29676,0.97978
1703,0.53504,0.57654,0.97867,0.68011
1704,0.82794,0.94189,1.21721,1.06903
1705,1.23476,1.25902,1.40812,1.26303
1706,1.23946,1.23209,1.46888,1.27612
1707,0.81741,0.77487,1.11159,0.74958
1708,1.07234,1.08734,1.11293,1.06376
1709,1.12068,1.09439,1.3298,1.17833
1710,0.98938,0.94412,1.47814,1.31428
1711,0.95689,0.93319,1.11265,0.85623
1712,1.04495,1.0319,1.11804,1.08114
1713,1.23416,1.22214,1.19765,1.18762
1714,0.94797,0.89419,1.16081,1.04019
1715,1.29263,1.28141,1.21358,1.23217
1716,1.03011,0.96221,1.28485,1.11677
1717,1.08036,1.00815,1.0185,0.83256
1718,1.49763,1.46391,1.47079,1.23214
1719,1.56904,1.41779,1.53585,1.3521
1720,1.75777,1.5914,1.24175,1.17491
1721,1.11091,0.88762,1.04318,0.81955
1722,0.31484,0.17076,0.83929,0.50238
1723,1.27108,1.30645,1.07205,1.27301
1724,0.44661,0.35273,0.6863,0.60748
1725,1.35351,1.40188,1.11644,1.35623
1726,1.37441,1.35436,1.24984,1.27167
1727,1.30385,1.23179,1.36035,1.44268
1728,0.2938,0.22764,0.69264,0.43353
1729,0.15544,0.27664,0.51239,0.43698
1730,0.88682,1.06218,0.78593,1.1312
1731,0.89817,0.94952,0.97014,1.18742
1732,1.1166,1.2125,1.16904,1.30188
1733,0.37956,0.43738,0.67031,0.56475
1734,1.25345,1.41305,1.1583,1.26518
1735,0,0.08359,0.28967,0.27991
1736,0.83396,1.02281,1.0131,1.30526
1737,0.74743,0.89786,0.80304,0.8257
1738,1.06996,1.16344,1.1614,1.29481
1739,0.8119,0.90374,0.95488,0.90427
1740,0.57193,0.6606,0.67905,0.61039
1741,1.05931,1.20263,1.04772,1.11093
1742,0.99579,1.0359,0.90237,1.01162
1743,1.20944,1.2377,1.37421,1.39203
1744,0.87555,0.88339,1.02,0.92584
1745,1.19363,1.22174,1.34745,1.29384
1746,1.24957,1.19389,1.21961,1.03927
1747,1.48506,1.3995,1.52066,1.2277
1748,0.43472,0.31577,0.68082,0.36873
1749,1.42667,1.47533,1.29516,1.34249
1750,0.84019,0.78258,1.08137,0.84873
1751,0.59912,0.57345,0.97334,0.89561
1752,0.32275,0.4132,0.61665,0.58822
1753,0.98849,1.13448,0.83718,1.00469
1754,0.97774,1.0844,0.84946,0.98224
1755,0.44046,0.523,0.65976,0.74842
1756,0.84606,1.00995,0.83314,1.01393
1757,0.33496,0.45078,0.36252,0.50013
1758,0.90085,1.09412,0.94345,1.21118
1759,0.97963,1.10295,0.76272,1.00531
1760,1.27442,1.33537,1.11389,1.21749
1761,0.93967,0.94831,0.9114,0.90181
1762,1.2651,1.27372,0.86118,1.11867
1763,0.75666,0.72587,0.68809,0.75577
1764,1.3065,1.31991,0.91578,1.07061
1765,0.46296,0.4151,1.00368,0.99546
1766,1.4256,1.46956,1.09653,1.43002
1767,0.9341,0.89089,0.97784,1.04301
1768,1.46646,1.43834,1.31086,1.38646
1769,1.11951,1.05645,1.15983,1.08901
1770,0.71767,0.64903,0.88897,0.73372
1771,1.41282,1.44083,1.27444,1.26476
1772,0.88422,0.80184,0.97572,0.92661
1773,0,0.07246,0.40505,0.37234
1774,0.72978,0.89656,0.75335,0.96856
1775,0.99548,1.08868,0.94341,1.11096
1776,0.80567,0.86341,0.92761,1.02789
1777,0.53665,0.64911,0.69813,0.76017
1778,0.67672,0.83071,0.57037,0.67822
1779,0.90259,1.0484,0.92621,1.14244
1780,0.77893,0.86619,0.77383,0.9201
1781,1.03562,1.13278,1.03806,1.23208
1782,0.69205,0.75404,1.08237,1.1125
1783,1.04587,1.14191,0.91001,1.00053
1784,1.39153,1.44094,1.48939,1.36172
1785,0.67621,0.63457,0.81883,0.62683
1786,0.87705,0.94926,1.15002,1.12882
1787,1.31872,1.35223,1.3741,1.30025
1788,0.49394,0.4328,0.71356,0.56257
1789,0.8459,0.94138,1.06868,1.0665
1790,0.41793,0.49932,0.46215,0.53988
1791,1.17153,1.30014,1.07676,1.24652
1792,0.91642,0.98189,1.10327,1.11666
1793,1.10472,1.16058,1.17351,1.15796
1794,0.80568,0.85498,1.04557,0.952
1795,1.15117,1.19565,1.25628,1.22132
1796,0.92713,0.92861,1.12584,0.97267
1797,0.69277,0.71043,0.87294,0.83986
1798,1.19474,1.27052,1.03557,1.00909
1799,1.17959,1.17687,1.09109,1.07247
1800,0.92421,0.9142,0.95142,0.90841
1801,0.25968,0.29727,0.55241,0.54688
1802,1.30481,1.44815,1.05417,1.24153
1803,0.47127,0.48899,0.62509,0.67118
1804,1.03614,1.13277,0.94758,1.12916
1805,0.42232,0.52139,0.6782,0.75321
1806,0.3237,0.4632,0.57689,0.72529
1807,1.43847,1.6486,1.15226,1.43362
1808,1.19439,1.21064,1.16897,1.14326
1809,1.33941,1.34423,1.48477,1.37483
1810,0.84344,0.82159,1.10003,0.87743
1811,1.42017,1.4201,1.31544,1.20763
1812,1.18291,1.09621,1.27031,1.09615
1813,0,-0.02617,0,-0.10888
1814,1.06104,1.203,0.99778,1.19955
1815,1.25555,1.28047,1.13555,1.2635
1816,1.39652,1.35642,1.09032,1.2014
1817,1.31382,1.26881,1.32275,1.2157
1818,0.2603,0.17945,0.58911,0.42712
1819,0.78855,0.87629,0.67731,0.75731
1820,0.32023,0.37808,0.53878,0.70602
1821,1.28358,1.38361,0.90182,1.20858
1822,0.55759,0.59197,0.68022,0.82686
1823,0.48415,0.60093,0.5492,0.80194
1824,0.87948,1.06111,0.86351,1.1921
1825,1.41202,1.50959,1.1947,1.31911
1826,1.32191,1.33399,1.11649,1.10892
1827,0.70447,0.66195,0.75835,0.72566
1828,1.72394,1.76927,1.21551,1.34241
1829,0.70344,0.56509,0.68505,0.56152
1830,1.05515,1.06076,0.9077,1.02203
1831,0.83343,0.79883,0.71308,0.75548
1832,1.05047,1.02542,1.02694,1.16134
1833,1.47328,1.475,1.12138,1.1591
1834,0.91131,0.8272,0.96572,0.90121
1835,1.41865,1.39361,1.38713,1.31678
1836,1.258,1.18936,1.33701,1.21576
1837,1.62591,1.5042,1.35041,1.20834
1838,1.87326,1.70506,1.20478,0.96012
1839,1.75563,1.49159,1.3385,1.17494
1840,1.83911,1.56889,1.32124,1.15555
1841,1.64896,1.34995,1.30941,1.10582
1842,1.07638,0.77808,0.84868,0.66641
1843,1.32579,1.12633,0.96231,0.90787
1844,1.58541,1.36285,1.0279,1.04721
1845,0.45013,0.19901,0.42649,0.45287
1846,1.5518,1.53162,1.09166,1.26541
1847,0,-0.0514,0.18324,0.24629
1848,1.02229,1.08434,0.71684,1.02013
1849,1.94631,1.9945,1.10943,1.34336
1850,1.48527,1.32398,1.0352,1.18012
1851,0.29638,0.19007,0.54498,0.53342
1852,1.64396,1.71665,1.30878,1.47986
1853,1.27891,1.13794,1.22781,1.19843
1854,1.03633,0.91524,1.15146,1.04186
1855,1.19187,1.10892,1.28391,1.18328
1856,1.53346,1.42625,1.25919,1.18294
1857,0.9865,0.8505,1.17318,0.99068
1858,0.93741,0.85798,1.19321,0.94708
1859,0.50123,0.46862,0.61164,0.49596
1860,0.92113,0.9765,0.86954,1.08285
1861,0,0.06609,0.31647,0.38756
1862,1.62415,1.82256,1.25569,1.60325
1863,1.20844,1.18975,1.36976,1.38244
1864,0.18799,0.15044,0.68504,0.57268
1865,1.39899,1.58084,1.13367,1.17019
1866,1.51035,1.48085,1.5963,1.52553
1867,1.13821,1.01606,1.28406,1.09415
1868,1.32924,1.2813,1.62745,1.35352
1869,1.0597,0.96038,1.48843,1.14827
1870,0.77977,0.6855,1.21697,0.8897
1871,0.18556,0.15401,0.50815,0.22235
1872,0.31349,0.44795,0.62162,0.6827
1873,0.53105,0.71177,0.60827,0.78875
1874,0.79042,0.97249,1.0007,1.24366
1875,0.87351,1.04198,0.99565,1.0769
1876,0.66667,0.82419,0.99179,1.04217
1877,1.12202,1.26106,1.4569,1.41429
1878,0.73194,0.78382,1.28335,1.1184
1879,0.5168,0.5979,1.10881,0.93097
1880,1.06905,1.20193,1.0957,0.98351
1881,0.59014,0.63339,0.76382,0.68636
1882,0.50407,0.62043,1.01093,0.96351
1883,0.44067,0.60883,0.79929,0.82032
1884,1.16143,1.31756,1.22532,1.29798
1885,1.21521,1.2782,1.4074,1.38633
1886,0.86046,0.8685,1.09009,0.91362
1887,0.4651,0.53695,0.93106,0.78843
1888,1.00963,1.13808,1.04053,1.00958
1889,1.24769,1.28578,1.50092,1.42288
1890,1.40935,1.37228,1.58625,1.42149
1891,1.33362,1.2548,1.5098,1.20883
1892,1.40099,1.30239,1.57913,1.2771
1893,0.6719,0.53959,1.21678,0.86272
1894,0.46214,0.43056,0.83969,0.58102
1895,1.12423,1.18065,1.24293,1.19801
1896,0,0.04483,0.55098,0.40067
1897,1.58526,1.75005,1.37164,1.50052
1898,1.31789,1.31091,1.54691,1.42344
1899,0,0.02694,0.80534,0.59691
1900,0.2559,0.43611,0.73113,0.68889
1901,1.01786,1.16101,1.09228,1.16814
1902,0.29208,0.35865,0.586,0.62856
1903,0.9404,1.13783,1.15902,1.33267
1904,0.32701,0.45216,0.83195,0.74328
1905,1.47925,1.66505,1.42175,1.50461
1906,1.42822,1.45167,1.47757,1.31956
1907,1.69044,1.6163,1.87171,1.65534
1908,1.25687,1.13591,1.53419,1.10713
1909,1.6324,1.50837,1.57254,1.2197
1910,1.54555,1.39588,1.42553,1.07293
1911,1.78941,1.52434,1.49147,1.20073
1912,1.76396,1.51265,1.4205,1.12302
1913,1.76032,1.4133,1.38301,1.09582
1914,1.87033,1.52239,1.53884,1.2533
1915,1.59394,1.24923,1.41173,1.09542
1916,1.49661,1.17627,1.52318,1.20282
1917,1.61091,1.31496,1.3662,0.99098
1918,0.98952,0.69654,1.14162,0.7514
1919,1.54336,1.38619,1.4759,1.27666
1920,1.65016,1.45143,1.44325,1.20759
1921,0.81845,0.5531,0.94713,0.66124
1922,1.43208,1.32821,1.07486,1.01991
1923,0.76571,0.62375,0.82026,0.69457
1924,1.01871,0.95228,0.80994,0.85315
1925,0.67664,0.64104,0.86088,0.92855
1926,1.32198,1.33314,1.00074,1.09602
1927,1.11608,1.09078,1.00998,1.03177
1928,0.92836,0.89793,0.89298,0.84658
1929,1.19718,1.20822,1.14674,1.18511
1930,0.65787,0.61846,0.81616,0.77521
1931,0.46973,0.51498,0.72613,0.77217
1932,1.32265,1.42485,0.98364,1.12791
1933,0.90071,0.89924,0.9263,0.94135
1934,0.23872,0.28739,0.60057,0.63567
1935,1.16453,1.34638,0.97541,1.09389
1936,0.51739,0.55666,0.67958,0.75458
1937,0.95228,1.05842,0.77141,0.95761
1938,0.93805,1.03375,0.95884,1.06876
1939,0.71063,0.74499,1.06917,1.13089
1940,0.85859,0.96474,0.89478,0.89275
1941,1.30053,1.35619,1.17973,1.2168
1942,1.37129,1.36126,1.33358,1.26666
1943,1.09933,1.03265,1.21048,1.06628
1944,0.89088,0.85156,0.9194,0.78452
1945,0.93797,0.92835,1.00612,0.95351
1946,0.2738,0.27093,0.55493,0.5248
1947,0.57583,0.70435,0.6258,0.75036
1948,0.93037,1.05623,0.79397,0.96985
1949,1.11257,1.20832,1.01662,1.10913
1950,0.69246,0.7466,0.84374,0.92879
1951,0,0.25289,0.3489,0.4091
1952,1.29144,1.50557,1.02544,1.34083
1953,0.75187,0.77829,0.76362,0.85348
1954,0.6721,0.75146,0.87484,0.9942
1955,0.57668,0.68897,0.78625,0.88996
1956,0.37404,0.49442,0.57717,0.68562
1957,1.08429,1.2733,0.91802,1.15581
1958,1.20801,1.27386,1.03753,1.15344
1959,0,0.19098,0.45849,0.48831
1960,1.14526,1.33459,0.99877,1.21052
1961,0.76133,0.81699,0.82857,0.94003
1962,1.03512,1.09142,1.06402,1.18742
1963,0.70881,0.77249,0.79632,0.84047
1964,0.39411,0.4679,0.53179,0.64153
1965,1.12082,1.2808,0.89053,1.0961
1966,1.13318,1.17615,0.97172,1.08384
1967,0.69733,0.71626,0.98736,1.03359
1968,0.70635,0.78613,1.03462,1.07516
1969,1.15638,1.21581,1.25582,1.20397
1970,0.68518,0.67572,1.01981,0.93364
1971,0.36909,0.42119,0.61019,0.65326
1972,1.05422,1.18184,1.02728,1.16334
1973,1.20312,1.23421,1.20063,1.29097
1974,1.03007,1.03054,0.98437,0.98023
1975,1.495,1.53404,1.26472,1.25501
1976,0.74852,0.65384,0.83611,0.72607
1977,0,0.03399,0,0.11502
1978,1.50409,1.66782,1.06855,1.41347
1979,1.33405,1.29272,1.53969,1.64022
1980,1.28917,1.22809,1.30089,1.24093
1981,1.04064,1.00691,1.12025,0.98994
1982,1.05729,1.00392,1.11139,1.01294
1983,1.52867,1.49279,1.16261,1.09274
1984,1.07514,0.9274,0.97937,0.89723
1985,1.62519,1.5201,1.27718,1.22626
1986,1.46291,1.30185,1.13547,1.03568
1987,1.23344,1.04361,1.08212,0.9805
1988,1.65768,1.54027,1.30004,1.20236
1989,,,0.87993,0.7629
1990,,,0.67185,0.63902
1991,,,0.87137,0.97746
1992,,,1.01032,1.10268
1993,,,1.08146,1.1549
1994,,,1.02013,0.99316
1995,,,1.17,1.19222
1996,,,0.54154,0.48983
1997,,,1.10362,1.20192
1998,,,0.97955,1.03044
1999,,,0.98485,1.03906
2000,,,0.90952,0.89746
2001,,,0.98337,1.02647
2002,,,0,0.12928
2003,,,0.68887,1.02819
2004,,,0.74547,0.95017
2005,,,1.12446,1.32674
2006,,,0.82985,0.88435
2007,,,0.88297,0.96781
2008,,,1.17125,1.26633
2009,,,0.97614,0.99221
2010,,,1.18327,1.21951
2011,,,0.83721,0.7944
2012,,,0.5965,0.65771
2013,,,0.66447,0.80946
2014,,,0.88645,1.05709
2015,,,1.02342,1.08991
2016,,,1.05267,1.07159
2017,,,1.05151,1.08612
2018,,,0.31997,0.32811
2019,,,0.96423,1.23499
2020,,,0.7803,0.97133